{
    "batchName": "",
    "batchTime": 0,
    "boardConf": "",
    "boardCustom": "",
    "boardName": "OAK-D-LITE",
    "boardOptions": 0,
    "boardRev": "R1M1E3",
    "cameraData": [
        [
            0,
            {
                "cameraType": 0,
                "distortionCoeff": [
                    -2.718278169631958,
                    -3.264881134033203,
                    0.00030340717057697475,
                    0.0006614905432797968,
                    19.944490432739258,
                    -2.816620111465454,
                    -2.816387414932251,
                    19.30177116394043,
                    0.0,
                    0.0,
                    0.0,
                    0.0,
                    0.0,
                    0.0
                ],
                "extrinsics": {
                    "rotationMatrix": [
                        [
                            0.0,
                            0.0,
                            0.0
                        ],
                        [
                            0.0,
                            0.0,
                            0.0
                        ],
                        [
                            0.0,
                            0.0,
                            0.0
                        ]
                    ],
                    "specTranslation": {
                        "x": -0.0,
                        "y": -0.0,
                        "z": -0.0
                    },
                    "toCameraSocket": -1,
                    "translation": {
                        "x": 0.0,
                        "y": 0.0,
                        "z": 0.0
                    }
                },
                "height": 2160,
                "intrinsicMatrix": [
                    [
                        2983.1728515625,
                        0.0,
                        2003.4261474609375
                    ],
                    [
                        0.0,
                        2983.1728515625,
                        1042.98388671875
                    ],
                    [
                        0.0,
                        0.0,
                        1.0
                    ]
                ],
                "lensPosition": 0,
                "specHfovDeg": 68.7938003540039,
                "width": 3840
            }
        ],
        [
            1,
            {
                "cameraType": 0,
                "distortionCoeff": [
                    8.537550926208496,
                    -24.653427124023438,
                    -0.00027124190819449723,
                    0.0009927641367539763,
                    200.3194580078125,
                    8.575480461120605,
                    -24.902193069458008,
                    200.41213989257813,
                    0.0,
                    0.0,
                    0.0,
                    0.0,
                    0.0,
                    0.0
                ],
                "extrinsics": {
                    "rotationMatrix": [
                        [
                            0.9999285340309143,
                            -0.0026769344694912434,
                            -0.011651068925857544
                        ],
                        [
                            0.0028151115402579308,
                            0.9999257326126099,
                            0.011859405785799026
                        ],
                        [
                            0.011618455871939659,
                            -0.01189135666936636,
                            0.9998617768287659
                        ]
                    ],
                    "specTranslation": {
                        "x": -7.5,
                        "y": 0.0,
                        "z": 0.0
                    },
                    "toCameraSocket": 2,
                    "translation": {
                        "x": -7.490381717681885,
                        "y": 0.029873419553041458,
                        "z": -0.002265408169478178
                    }
                },
                "height": 480,
                "intrinsicMatrix": [
                    [
                        455.75335693359375,
                        0.0,
                        316.2171936035156
                    ],
                    [
                        0.0,
                        455.75335693359375,
                        249.8507080078125
                    ],
                    [
                        0.0,
                        0.0,
                        1.0
                    ]
                ],
                "lensPosition": 0,
                "specHfovDeg": 72.9000015258789,
                "width": 640
            }
        ],
        [
            2,
            {
                "cameraType": 0,
                "distortionCoeff": [
                    -1.7006127834320068,
                    -44.32533264160156,
                    0.001072664512321353,
                    0.0013540724758058786,
                    274.117431640625,
                    -1.7340649366378784,
                    -43.96158981323242,
                    272.7318420410156,
                    0.0,
                    0.0,
                    0.0,
                    0.0,
                    0.0,
                    0.0
                ],
                "extrinsics": {
                    "rotationMatrix": [
                        [
                            0.9999785423278809,
                            0.0008088648901320994,
                            -0.006497005932033062
                        ],
                        [
                            -0.0008972393115982413,
                            0.9999069571495056,
                            -0.013610954396426678
                        ],
                        [
                            0.006485392339527607,
                            0.013616492040455341,
                            0.9998862743377686
                        ]
                    ],
                    "specTranslation": {
                        "x": 3.75,
                        "y": 0.0,
                        "z": 0.0
                    },
                    "toCameraSocket": 0,
                    "translation": {
                        "x": 3.7173213958740234,
                        "y": -0.017587611451745033,
                        "z": -0.11687160283327103
                    }
                },
                "height": 480,
                "intrinsicMatrix": [
                    [
                        453.0150451660156,
                        0.0,
                        321.88189697265625
                    ],
                    [
                        0.0,
                        453.0150451660156,
                        247.31500244140625
                    ],
                    [
                        0.0,
                        0.0,
                        1.0
                    ]
                ],
                "lensPosition": 0,
                "specHfovDeg": 72.9000015258789,
                "width": 640
            }
        ]
    ],
    "hardwareConf": "",
    "imuExtrinsics": {
        "rotationMatrix": [
            [
                0.0,
                0.0,
                0.0
            ],
            [
                0.0,
                0.0,
                0.0
            ],
            [
                0.0,
                0.0,
                0.0
            ]
        ],
        "specTranslation": {
            "x": 0.0,
            "y": 0.0,
            "z": 0.0
        },
        "toCameraSocket": -1,
        "translation": {
            "x": 0.0,
            "y": 0.0,
            "z": 0.0
        }
    },
    "miscellaneousData": [],
    "productName": "",
    "stereoRectificationData": {
        "leftCameraSocket": 1,