{
    "batchName": "Maxwell",
    "batchTime": 1656204924,
    "boardConf": "IR-C00M01-00",
    "boardCustom": "",
    "boardName": "DM9098",
    "boardOptions": 4,
    "boardRev": "R6M2E6",
    "cameraData": [
        [
            0,
            {
                "cameraType": 0,
                "distortionCoeff": [
                    3.046103000640869,
                    7.955484867095947,
                    0.0007299468852579594,
                    -0.00021352962357923388,
                    -0.2249300628900528,
                    3.1636290550231934,
                    9.177396774291992,
                    0.8415056467056274,
                    0.0,
                    0.0,
                    0.0,
                    0.0,
                    0.0,
                    0.0
                ],
                "extrinsics": {
                    "rotationMatrix": [
                        [
                            0.0,
                            0.0,
                            0.0
                        ],
                        [
                            0.0,
                            0.0,
                            0.0
                        ],
                        [
                            0.0,
                            0.0,
                            0.0
                        ]
                    ],
                    "specTranslation": {
                        "x": -0.0,
                        "y": -0.0,
                        "z": -0.0
                    },
                    "toCameraSocket": -1,
                    "translation": {
                        "x": 0.0,
                        "y": 0.0,
                        "z": 0.0
                    }
                },
                "height": 2160,
                "intrinsicMatrix": [
                    [
                        2306.26220703125,
                        0.0,
                        1903.4423828125
                    ],
                    [
                        0.0,
                        2306.26220703125,
                        1115.4183349609375
                    ],
                    [
                        0.0,
                        0.0,
                        1.0
                    ]
                ],
                "lensPosition": 0,
                "specHfovDeg": 108.0,
                "width": 3840
            }
        ],
        [
            1,
            {
                "cameraType": 0,
                "distortionCoeff": [
                    5.8460493087768555,
                    1.545413613319397,
                    -0.000255518447374925,
                    0.0002947557659354061,
                    0.00814744271337986,
                    6.225517272949219,
                    3.3384649753570557,
                    0.15974298119544983,
                    0.0,
                    0.0,
                    0.0,
                    0.0,
                    0.0,
                    0.0
                ],
                "extrinsics": {
                    "rotationMatrix": [
                        [
                            0.9997115135192871,
                            -0.01201479323208332,
                            -0.020797887817025185
                        ],
                        [
                            0.012107179500162601,
                            0.9999173879623413,
                            0.004321889951825142
                        ],
                        [
                            0.020744241774082184,
                            -0.004572446923702955,
                            0.9997743368148804
                        ]
                    ],
                    "specTranslation": {
                        "x": -7.5,
                        "y": 0.0,
                        "z": 0.0
                    },
                    "toCameraSocket": 2,
                    "translation": {
                        "x": -7.4477458000183105,
                        "y": 0.03252992406487465,
                        "z": -0.04783817380666733
                    }
                },
                "height": 800,
                "intrinsicMatrix": [
                    [
                        565.100341796875,
                        0.0,
                        634.5635375976563
                    ],
                    [
                        0.0,
                        565.100341796875,
                        385.5744934082031
                    ],
                    [
                        0.0,
                        0.0,
                        1.0
                    ]
                ],
                "lensPosition": 0,
                "specHfovDeg": 127.0,
                "width": 1280
            }
        ],
        [
            2,
            {
                "cameraType": 0,
                "distortionCoeff": [
                    4.1682844161987305,
                    1.0938427448272705,
                    -0.00011759660264942795,
                    8.770069689489901e-05,
                    0.005041453987360001,
                    4.540031909942627,
                    2.3538124561309814,
                    0.11309637129306793,
                    0.0,
                    0.0,
                    0.0,
                    0.0,
                    0.0,
                    0.0
                ],
                "extrinsics": {
                    "rotationMatrix": [
                        [
                            0.9999827742576599,
                            -0.004828931763768196,
                            0.003336917143315077
                        ],
                        [
                            0.0047946530394256115,
                            0.9999364018440247,
                            0.01020524650812149
                        ],
                        [
                            -0.003385985502973199,
                            -0.010189072228968143,
                            0.9999423623085022
                        ]
                    ],
                    "specTranslation": {
                        "x": 3.75,
                        "y": 0.0,
                        "z": 0.0
                    },
                    "toCameraSocket": 0,
                    "translation": {
                        "x": 3.7425010204315186,
                        "y": 0.0053731221705675125,
                        "z": 0.10112917423248291
                    }
                },
                "height": 800,
                "intrinsicMatrix": [
                    [
                        567.6363525390625,
                        0.0,
                        644.8723754882813
                    ],
                    [
                        0.0,
                        567.6363525390625,
                        401.2988586425781
                    ],
                    [
                        0.0,
                        0.0,
                        1.0
                    ]
                ],
                "lensPosition": 0,
                "specHfovDeg": 127.0,
                "width": 1280
            }
        ]
    ],
    "hardwareConf": "F1-FV01-BC001",
    "imuExtrinsics": {
        "rotationMatrix": [
            [
                0.0,
                0.0,
                0.0
            ],
            [
                0.0,
                0.0,
                0.0
            ],
            [
                0.0,
                0.0,
                0.0
            ]
        ],
        "specTranslation": {
            "x": 0.0,
            "y": 0.0,
            "z": 0.0
        },
        "toCameraSocket": -1,
        "translation": {
            "x": 0.0,
            "y": 0.0,
            "z": 0.0
        }
    },
    "miscellaneousData": [],
    "productName": "OAK-D Pro W",
    "stereoRectificationData": {
        "leftCameraSocket": 1,