{
    "batchName": "Maxwell",
    "batchTime": 1656204924,
    "boardConf": "IR-C00M01-00",
    "boardCustom": "",
    "boardName": "DM9098",
    "boardOptions": 4,
    "boardRev": "R6M2E6",
    "cameraData": [
        [
            1,
            {
                "cameraType": 0,
                "distortionCoeff": [
                    -0.37422090768814087,
                    4.09547233581543,
                    -0.0005264748469926417,
                    0.0002739512419793755,
                    0.6041653752326965,
                    -0.04094779118895531,
                    3.9217586517333984,
                    1.8816393613815308,
                    0.0,
                    0.0,
                    0.0,
                    0.0,
                    0.0,
                    0.0
                ],
                "extrinsics": {
                    "rotationMatrix": [
                        [
                            0.9997665286064148,
                            -0.012373650446534157,
                            -0.01771448738873005
                        ],
                        [
                            0.0124606192111969,
                            0.999910831451416,
                            0.004807541146874428
                        ],
                        [
                            0.017653420567512512,
                            -0.005027152132242918,
                            0.9998315572738647
                        ]
                    ],
                    "specTranslation": {
                        "x": -7.5,
                        "y": 0.0,
                        "z": 0.0
                    },
                    "toCameraSocket": 2,
                    "translation": {
                        "x": -7.438843250274658,
                        "y": 0.0376141294836998,
                        "z": -0.058606911450624466
                    }
                },
                "height": 800,
                "intrinsicMatrix": [
                    [
                        568.2576904296875,
                        0.0,
                        633.4325561523438
                    ],
                    [
                        0.0,
                        567.6079711914063,
                        388.2678527832031
                    ],
                    [
                        0.0,
                        0.0,
                        1.0
                    ]
                ],
                "lensPosition": 0,
                "specHfovDeg": 127.0,
                "width": 1280
            }
        ],
        [
            2,
            {
                "cameraType": 0,
                "distortionCoeff": [
                    35.001583099365234,
                    40.205535888671875,
                    -0.00023373737349174917,
                    0.00021492007363121957,
                    3.327505111694336,
                    35.323486328125,
                    52.166419982910156,
                    12.565917015075684,
                    0.0,
                    0.0,
                    0.0,
                    0.0,
                    0.0,
                    0.0
                ],
                "extrinsics": {
                    "rotationMatrix": [
                        [
                            0.9999802112579346,
                            -0.004919783677905798,
                            0.0039243851788342
                        ],
                        [
                            0.004864878486841917,
                            0.9998918771743774,
                            0.013879767619073391
                        ],
                        [
                            -0.003992246463894844,
                            -0.013860400766134262,
                            0.9998959302902222
                        ]
                    ],
                    "specTranslation": {
                        "x": 3.75,
                        "y": 0.0,
                        "z": 0.0
                    },
                    "toCameraSocket": 0,
                    "translation": {
                        "x": 3.733872413635254,
                        "y": -0.0023473126348108053,
                        "z": 0.02664698287844658
                    }
                },
                "height": 800,
                "intrinsicMatrix": [
                    [
                        570.4937744140625,
                        0.0,
                        643.565185546875
                    ],
                    [
                        0.0,
                        569.6653442382813,
                        403.140625
                    ],
                    [
                        0.0,
                        0.0,
                        1.0
                    ]
                ],
                "lensPosition": 0,
                "specHfovDeg": 127.0,
                "width": 1280
            }
        ],
        [
            0,
            {
                "cameraType": 0,
                "distortionCoeff": [
                    -7.841451644897461,
                    119.90064239501953,
                    0.0005853183683939278,
                    -0.0007182569243013859,
                    30.257535934448242,
                    -7.643226623535156,
                    117.36781311035156,
                    60.68021774291992,
                    0.0,
                    0.0,
                    0.0,
                    0.0,
                    0.0,
                    0.0
                ],
                "extrinsics": {
                    "rotationMatrix": [
                        [
                            0.0,
                            0.0,
                            0.0
                        ],
                        [
                            0.0,
                            0.0,
                            0.0
                        ],
                        [
                            0.0,
                            0.0,
                            0.0
                        ]
                    ],
                    "specTranslation": {
                        "x": 0.0,
                        "y": 0.0,
                        "z": 0.0
                    },
                    "toCameraSocket": -1,
                    "translation": {
                        "x": 0.0,
                        "y": 0.0,
                        "z": 0.0
                    }
                },
                "height": 1080,
                "intrinsicMatrix": [
                    [
                        1158.7733154296875,
                        0.0,
                        948.7217407226563
                    ],
                    [
                        0.0,
                        1157.30712890625,
                        558.6158447265625
                    ],
                    [
                        0.0,
                        0.0,
                        1.0
                    ]
                ],
                "lensPosition": 135,
                "specHfovDeg": 108.0,
                "width": 1920
            }
        ]
    ],
    "hardwareConf": "F1-FV01-BC001",
    "imuExtrinsics": {
        "rotationMatrix": [
            [
                0.0,
                0.0,
                0.0
            ],
            [
                0.0,
                0.0,
                0.0
            ],
            [
                0.0,
                0.0,
                0.0
            ]
        ],
        "specTranslation": {
            "x": 0.0,
            "y": 0.0,
            "z": 0.0
        },
        "toCameraSocket": -1,
        "translation": {
            "x": 0.0,
            "y": 0.0,
            "z": 0.0
        }
    },
    "miscellaneousData": [],
    "productName": "OAK-D Pro W",
    "stereoRectificationData": {
        "leftCameraSocket": 1,